{"version": 2, "width": 80, "height": 22, "timestamp": 1556473577, "env": {"SHELL": "/bin/bash", "TERM": "screen"}}
[0.187555, "o", "\r\r\n\r\r\nvagrant opcode $ "]
[7.812979, "o", "c"]
[7.852923, "o", "d"]
[7.899999, "o", " "]
[7.952878, "o", "t"]
[7.992663, "o", "e"]
[8.049209, "o", "m"]
[8.088149, "o", "p"]
[8.827227, "o", "\r\n"]
[8.831111, "o", "/vagrant/temp\r\n"]
[8.836667, "o", "\r\r\n\r\r\nvagrant temp $ "]
[9.547357, "o", "o"]
[9.592258, "o", "p"]
[10.523341, "o", "\r\n"]
[10.542243, "o", "Usage:\r\n  op CODE [ARGS]\r\n  op -l | --list\r\n"]
[10.542416, "o", "  op -s | --show\r\n  op -w | --what CODE\r\n"]
[10.542457, "o", "  op -e | --edit\r\n  op -a | --add CODE COMMAND...\r\n"]
[10.542986, "o", "  op -h | --help\r\n  op -v | --version\r\n  op --complete\r\n"]
[10.550154, "o", "\r\r\n\r\r\nvagrant temp $ "]
[11.291618, "o", "o"]
[11.339219, "o", "p"]
[11.384179, "o", " "]
[11.430371, "o", "-"]
[11.477141, "o", "-"]
[11.529394, "o", "a"]
[11.570729, "o", "d"]
[11.618347, "o", "d"]
[11.664199, "o", " "]
[11.712853, "o", "s"]
[11.757831, "o", "a"]
[11.804975, "o", "y"]
[11.854509, "o", " "]
[11.90494, "o", "e"]
[11.946163, "o", "c"]
[11.99553, "o", "h"]
[12.039673, "o", "o"]
[12.088323, "o", " "]
[12.13334, "o", "h"]
[12.180171, "o", "e"]
[12.22698, "o", "l"]
[12.273721, "o", "l"]
[12.320709, "o", "o"]
[12.36889, "o", " "]
[12.414503, "o", "w"]
[12.465886, "o", "o"]
[12.507898, "o", "r"]
[12.555164, "o", "l"]
[12.606086, "o", "d"]
[13.651445, "o", "\r\n"]
[13.668183, "o", "say: echo hello world\r\n"]
[13.675998, "o", "\r\r\n\r\r\nvagrant temp $ "]
[14.835661, "o", "c"]
[14.88312, "o", "a"]
[14.930868, "o", "t"]
[14.978637, "o", " "]
[15.030232, "o", "o"]
[15.071527, "o", "p"]
[15.119023, "o", "."]
[15.163882, "o", "c"]
[15.216179, "o", "o"]
[15.258532, "o", "n"]
[15.305387, "o", "f"]
[16.299053, "o", "\r\n"]
[16.301904, "o", "say: echo hello world\r\n"]
[16.309264, "o", "\r\r\n\r\r\nvagrant temp $ "]
[17.180052, "o", "o"]
[17.23332, "o", "p"]
[17.274597, "o", " "]
[17.328228, "o", "-"]
[17.367463, "o", "-"]
[17.418704, "o", "s"]
[17.460605, "o", "h"]
[17.514398, "o", "o"]
[17.556962, "o", "w"]
[18.651235, "o", "\r\n"]
[18.665847, "o", "say: echo hello world\r\n"]
[18.673805, "o", "\r\r\n\r\r\nvagrant temp $ "]
[20.05126, "o", "o"]
[20.086984, "o", "p"]
[20.138928, "o", " "]
[20.179871, "o", "s"]
[20.231306, "o", "a"]
[20.274563, "o", "y"]
[22.035008, "o", "\r\n"]
[22.048521, "o", "hello world\r\n"]
[22.055614, "o", "\r\r\n\r\r\nvagrant temp $ "]
[23.691235, "o", "o"]
[23.726746, "o", "p"]
[23.781069, "o", " "]
[23.820203, "o", "-"]
[23.867887, "o", "a"]
[23.914891, "o", " "]
[23.967586, "o", "g"]
[24.009352, "o", "r"]
[24.056268, "o", "e"]
[24.104168, "o", "e"]
[24.15451, "o", "t"]
[24.19586, "o", " "]
[24.244817, "o", "e"]
[24.289662, "o", "c"]
[24.342004, "o", "h"]
[24.385908, "o", "o"]
[24.430899, "o", " "]
[24.529067, "o", "H"]
[24.617739, "o", "i"]
[26.147052, "o", "\r\n"]
[26.163227, "o", "say: echo hello world\r\ngreet: echo Hi\r\n"]
[26.171364, "o", "\r\r\n\r\r\nvagrant temp $ "]
[27.763242, "o", "o"]
[27.804853, "o", "p"]
[27.851109, "o", " "]
[27.904083, "o", "g"]
[27.952552, "o", "r"]
[27.992816, "o", "e"]
[28.049271, "o", "e"]
[28.088139, "o", "t"]
[28.133528, "o", " "]
[28.22736, "o", "B"]
[28.325266, "o", "o"]
[28.367519, "o", "b"]
[28.414457, "o", "b"]
[28.466016, "o", "y"]
[29.426955, "o", "\r\n"]
[29.440551, "o", "Hi Bobby\r\n"]
[29.448349, "o", "\r\r\n\r\r\nvagrant temp $ "]
[31.323234, "o", "o"]
[31.369726, "o", "p"]
[31.419338, "o", " "]
[31.467143, "o", "-"]
[31.51472, "o", "-"]
[31.558187, "o", "h"]
[31.602892, "o", "e"]
[31.657603, "o", "l"]
[31.700805, "o", "p"]
[32.731403, "o", "\r\n"]
[32.743846, "o", "opcode 0.4.1 - local command shortcuts\r\n\r\nUsage:\r\n  op CODE [ARGS]\r\n"]
[32.744462, "o", "    Execute a command from the config file (op.conf)\r\n"]
[32.745106, "o", "    Arguments will be passed to the command\r\n\r\n  op -l | --list\r\n    List command codes\r\n\r\n"]
[32.745534, "o", "  op -s | --show"]
[32.746059, "o", "\r\n"]
[32.746899, "o", "    Show the config file (op.conf)\r\n\r\n  op -w | --what CODE\r\n"]
[32.746979, "o", "    Show the command for a given code\r\n\r\n"]
[32.747019, "o", "  op -e | --edit"]
[32.747871, "o", "\r\n    Open the config file for editing\r\n\r\n  op -a | --add CODE COMMAND...\r\n    Append a command to the config file\r\n\r\n  op -h | --help\r\n"]
[32.748027, "o", "    Show this message\r\n\r\n"]
[32.748786, "o", "  op -v | --version\r\n"]
[32.748832, "o", "    Show version number\r\n\r\n"]
[32.748981, "o", "  op --complete"]
[32.749804, "o", "\r\n"]
[32.750655, "o", "    Install bash completion\r\n    Use with eval: eval $(op --complete)\r\n\r\n"]
[32.758378, "o", "\r\r\n\r\r\nvagrant temp $ "]
[34.411289, "o", "e"]
[34.450172, "o", "x"]
[34.492383, "o", "i"]
[34.541016, "o", "t"]
[35.595028, "o", "\r\nexit"]
[35.595097, "o", "\r\n"]
